"","country","year","gini_disp","gini_disp_se","gini_mkt","gini_mkt_se","lending","expenditures","revenue","gdp_growth_rate","fbinpercGDP","unemp_rate"
"1","Austria",1995,26.6,0.87,43.9,1.11,-5.8,51.5,49.7,2.66798353089548,-2.6,4.5
"2","Austria",1996,26.2,0.81,43.9,1.07,-4.1,51.3,51.1,2.34953385169727,-2.8,4.9
"3","Austria",1997,26.1,0.82,44,1.06,-1.9,47.9,49.7,2.09359938952392,-2.5,4.9
"4","Austria",1998,26.2,0.92,44.3,1.05,-2.5,48.5,49.5,3.58142581460447,-2,4.7
"5","Austria",1999,26.1,0.87,44.4,1.06,-3,49,49.5,3.55633124664169,-2.4,4
"6","Austria",2000,26.1,0.9,44.7,1.13,-3.3,48.4,48.6,3.37572214708479,-0.7,3.8
"7","Austria",2001,26.3,1.06,45.1,1.24,-0.9,48,50.7,1.26716818922992,-0.8,3.9
"8","Austria",2002,26.5,0.99,45.6,1.19,-1.3,47.5,49.7,1.65155392186669,2.1,4.3
"9","Austria",2003,26.5,0.81,45.9,1,-1,47.3,49.5,0.941470920725337,1.5,4.6
"10","Austria",2004,26.6,0.75,46.4,0.87,-4.4,50.3,48.9,2.73512022241023,1.9,5.9
"11","Austria",2005,26.6,0.69,47,0.86,-2.3,47.7,48.6,2.24406532463878,2,6
"12","Austria",2006,27,0.71,47.8,0.89,-3.2,48,47.9,3.45404183614122,2.8,5.7
"13","Austria",2007,27.7,0.75,48.4,0.92,-3.2,48,47.9,3.72741530093519,3.3,5.3
"14","Austria",2008,28,0.75,49,0.95,-3.4,48.8,48.4,1.4604236757386,4.2,4.4
"15","Austria",2009,28.3,0.74,49.5,0.95,-4.3,49.9,48.8,-3.76457817791677,2.4,5.7
"16","Austria",2010,28.1,0.74,49.7,0.92,-3.7,49.2,48.4,1.83709367680054,3.3,5.2
"17","Austria",2011,28,0.77,49.9,0.91,-2.9,48.4,48.3,2.92279728368581,2.2,4.9
"18","Austria",2012,27.9,0.76,49.9,0.88,-2.3,48.6,49,0.680445576816723,1.9,5.2
"19","Austria",2013,27.9,0.82,49.9,0.89,-1.5,48.6,49.7,0.0255047121972183,1.9,5.7
"20","Austria",2014,27.8,0.85,49.9,0.95,-2,49.3,49.7,0.661272848852605,2.5,6
"21","Austria",2015,27.8,0.85,49.9,0.93,-0.3,48.1,50.1,1.01450158590511,1.9,6.1
"22","Austria",2016,27.9,0.86,49.8,0.96,-1.3,47.8,48.5,1.98943716230463,2.9,6.5
"23","Austria",2017,27.8,0.8,49.6,1.01,-1.3,47.9,48.5,2.25857243250671,1.5,5.9
"24","Austria",2018,27.7,0.9,49.6,1.08,-1.1,48.4,48.9,2.42538536088061,1,5.2
"25","Austria",2019,27.6,0.91,49.4,1.22,-0.9,48.7,49.3,1.51738858303159,2.5,4.8
"26","Austria",2020,27.5,1.23,49.3,1.55,-5.1,52.5,48.7,-6.45396846689127,3,6
"27","Belgium",1995,25.7,0.98,47.4,1.27,-4,43.2,48.1,2.38475727961249,5,9.6
"28","Belgium",1996,25.9,0.98,47.8,1.27,-2.9,43.4,49,1.32145093041325,4.2,9.6
"29","Belgium",1997,25.9,0.85,48.2,1.16,-1.9,43.6,49.4,3.79365762950188,5.1,9.4
"30","Belgium",1998,26.4,1.05,48.5,1.33,-0.5,43,49.9,1.96180827198427,4.8,9.4
"31","Belgium",1999,26.7,1.17,48.7,1.43,-0.8,43.7,49.9,3.54274346363066,5.1,8.7
"32","Belgium",2000,26.8,1.24,48.7,1.47,-1.1,43.7,49.3,3.71667938420875,4.3,7.1
"33","Belgium",2001,26.8,1.2,48.7,1.43,0,43,49.6,1.09961888777849,4.5,6.7
"34","Belgium",2002,26.8,1.03,48.8,1.28,0.1,44,49.9,1.70688458453354,6.3,7.6
"35","Belgium",2003,26.6,0.79,48.7,1.06,-1.1,44.8,49.2,1.03798254902905,6,8.3
"36","Belgium",2004,26.8,0.87,48.7,0.99,-0.3,44.5,49.1,3.5712043433582,4.9,8.5
"37","Belgium",2005,26.9,0.78,48.5,0.94,-3,47.7,49.1,2.32173705381926,3.9,8.6
"38","Belgium",2006,27,0.75,48.3,0.91,-0.4,45.3,49,2.55234994366351,4.2,8.4
"39","Belgium",2007,26.9,0.81,48.2,0.93,-1.8,46.4,48.6,3.67688113594973,4.5,7.6
"40","Belgium",2008,26.6,0.71,48,0.89,-2.2,47.9,49.7,0.446928735275904,1.7,7.1
"41","Belgium",2009,26.6,0.67,48.2,0.89,-4.4,49.7,49.2,-2.02074306169408,2.8,8
"42","Belgium",2010,26.5,0.66,48.5,0.91,-3.9,50.2,49.8,2.86429270764155,2.2,8.4
"43","Belgium",2011,26.6,0.71,48.8,0.9,-4.4,51.9,51,1.69451389861332,-1,7.2
"44","Belgium",2012,26.6,0.73,48.9,0.93,-4.1,52.8,52.2,0.739217283058679,1,7.6
"45","Belgium",2013,26.4,0.7,49.2,0.92,-2.4,52.1,53,0.459242192907709,1.8,8.6
"46","Belgium",2014,26.4,0.67,49.4,0.91,-2.6,51.9,52.5,1.57853314322614,1.5,8.7
"47","Belgium",2015,26.4,0.7,49.4,0.92,-2.4,50.8,51.3,2.04145900919961,1.4,8.7
"48","Belgium",2016,26.3,0.74,49.3,0.94,-2.4,50.4,50.8,1.26668640902095,0.6,7.9
"49","Belgium",2017,26.2,0.72,48.9,1,-0.9,49.9,51.3,1.6195802783878,0.7,7.2
"50","Belgium",2018,26.2,0.82,48.7,1.22,-1.4,50.7,51.4,1.79294519302076,-0.9,6
"51","Belgium",2019,26.2,0.98,48.6,1.45,-3.1,51.1,49.9,2.24085824041289,0.1,5.5
"52","Belgium",2020,26,1.28,48.5,1.75,-6.1,54,49.9,-5.36138663334856,1.1,5.8
"53","Bulgaria",1995,31.2,1.34,41.9,2.28,-6.9,23.8,26.6,2.86123277149034,8.9,12.4
"54","Bulgaria",1996,31.5,1.36,42.2,2.24,-11.3,25.1,29.5,5.20539406702115,0.9,11.8
"55","Bulgaria",1997,31.5,1.36,42.3,2.22,2.9,23.5,32.9,-14.1153817404634,10.5,14.5
"56","Bulgaria",1998,31.5,1.36,42.5,2.21,1.8,29.8,35.2,3.78912064249232,5.5,13.3
"57","Bulgaria",1999,31.4,1.34,42.6,2.16,3.3,33.9,40.8,-8.39609066658392,-3.6,14.9
"58","Bulgaria",2000,31.6,1.33,42.8,2.12,2.5,36,42.5,4.58722478248549,-5.4,19.6
"59","Bulgaria",2001,32,1.26,43.1,2.07,2.7,34,40.8,3.82370336276668,-5.5,23.6
"60","Bulgaria",2002,32.3,1.3,43.4,2.04,0.2,35.4,37.7,5.87193143276457,-2.4,21.1
"61","Bulgaria",2003,32.5,1.28,43.6,2.03,0.8,35.4,38.3,5.23715521529633,-5.3,15.9
"62","Bulgaria",2004,32.7,1.26,43.9,1.99,1.9,35.8,39.6,6.51042534060579,-6.3,14.1
"63","Bulgaria",2005,33,1.21,44.1,1.92,0.9,36,38.5,7.05634894025069,-11.4,11.7
"64","Bulgaria",2006,33.3,1.1,44.4,1.87,1.2,34.2,36.7,6.80258922593249,-17.1,10.5
"65","Bulgaria",2007,33.4,1.06,44.6,1.81,-2.2,39.4,38.3,6.65438682479358,-23.8,8
"66","Bulgaria",2008,33.4,1.06,44.8,1.78,-1.6,40,39.2,6.12955970373739,-22.1,6.5
"67","Bulgaria",2009,33.5,1.06,45.1,1.79,-5.4,39.7,35.1,-3.3471420954691,-8.1,7.9
"68","Bulgaria",2010,33.9,1.1,45.5,1.82,-4.2,36.1,32.6,1.54180144307578,-0.7,11.3
"69","Bulgaria",2011,34.4,1.12,45.9,1.83,-2.2,33.5,32.1,2.10120575009232,0.6,12.3
"70","Bulgaria",2012,35.1,1.11,46.4,1.84,-0.8,33.5,33.4,0.754930385981893,-0.1,13.3
"71","Bulgaria",2013,35.7,1.11,46.9,1.87,0,36,36.8,-0.56049396557782,2,13.9
"72","Bulgaria",2014,36.4,1.12,47.4,1.89,-4.3,41,37.5,0.96686903234496,0.4,12.4
"73","Bulgaria",2015,37.2,1.14,47.9,1.96,-1.2,38.6,38.3,3.42805491352132,0.6,10.1
"74","Bulgaria",2016,37.9,1.17,48.4,2.05,0.7,33.4,35,3.03982527630795,5.3,8.6
"75","Bulgaria",2017,38.3,1.2,48.7,2.14,1.8,33.7,36.3,2.76217095961262,6.1,7.2
"76","Bulgaria",2018,38.7,1.28,49,2.24,1.7,36.3,38.7,2.68476058693781,5.4,6.2
"77","Bulgaria",2019,38.9,1.45,49.1,2.42,1.6,36.4,38.6,4.03814220572653,1.9,5.2
"78","Bulgaria",2020,38.9,1.71,49.1,2.6,-2.5,39.3,37.3,-3.95861459810695,0,6.1
"79","Croatia",1995,28.5,2.06,42.4,3.34,0.4,55.4,57.3,NA,-4.5,NA
"80","Croatia",1996,28.5,1.94,42.4,3.22,-5,55.8,52.2,6.25318791776093,-2.3,NA
"81","Croatia",1997,28.5,1.8,42.5,3.1,0.2,53.7,55.3,6.17318891147953,-8.8,NA
"82","Croatia",1998,28.5,1.62,42.5,2.97,-1.4,53.6,53.7,2.32514856233495,-3.9,NA
"83","Croatia",1999,28.1,1.52,42.5,2.9,-7.5,53.4,47.6,-0.746153536167569,-4.4,NA
"84","Croatia",2000,27.7,1.4,42.5,2.78,-7.2,50.7,45.6,2.86406694721973,-1.1,15.6
"85","Croatia",2001,27.3,1.35,42.5,2.72,-2.8,45.9,45.4,3.07472762453,-2,16
"86","Croatia",2002,26.9,1.34,42.6,2.66,-3.7,47.5,45.4,5.76353514822921,-6.1,15
"87","Croatia",2003,26.7,1.3,42.6,2.62,-4.6,47.2,44.3,5.56373593542692,-8.9,14.2
"88","Croatia",2004,26.7,1.27,42.7,2.6,-6.2,47.6,43.2,4.15414417545865,-5.8,13.7
"89","Croatia",2005,26.7,1.28,42.8,2.56,-4.2,45.1,42.6,4.26286293442423,-7,12.8
"90","Croatia",2006,26.7,1.27,43,2.54,-4.2,45.8,43.3,4.88693807069566,-7.7,11.3
"91","Croatia",2007,27.1,1.27,43.2,2.53,-5.9,48.4,44.1,5.00111243007304,-7.7,9.9
"92","Croatia",2008,27.7,1.23,43.5,2.51,-6.5,48.3,43.5,2.00186402121545,-10.6,8.6
"93","Croatia",2009,28.3,1.21,43.8,2.49,-7.4,48.3,43.1,-7.19344475945697,-6.4,9.2
"94","Croatia",2010,28.9,1.24,44.1,2.54,-6.3,45.9,41.9,-1.22377948198006,-2.1,11.7
"95","Croatia",2011,29.2,1.32,44.4,2.57,-7.2,45.2,40.7,-0.0866137790411159,-1.5,13.7
"96","Croatia",2012,29.5,1.32,44.6,2.62,-3.9,43.5,42.6,-2.33166164485877,-1.7,16
"97","Croatia",2013,29.6,1.33,44.8,2.65,-3.6,43.6,43.1,-0.397827665127963,-1,17.3
"98","Croatia",2014,29.7,1.33,44.9,2.71,-2.8,42.6,43.2,-0.429360585931065,0.5,17.3
"99","Croatia",2015,29.7,1.39,44.9,2.8,-1.8,42.2,43.8,2.52229227745192,2.9,16.2
"100","Croatia",2016,29.6,1.45,44.9,2.88,-0.3,42.5,45.3,3.55935948219432,2.2,13.1
"101","Croatia",2017,29.5,1.54,44.9,2.96,0.6,42.1,45.3,3.41246782244569,3.3,11.2
"102","Croatia",2018,29.5,1.63,44.9,3.11,-0.5,43.7,45.5,2.80067619923238,1.6,8.5
"103","Croatia",2019,29.4,1.78,44.9,3.24,-0.8,45,46.4,3.42100553041595,2.9,6.6
"104","Croatia",2020,29.5,1.98,44.9,3.37,-3.5,47.8,46.3,-8.58034302106218,-0.4,7.5
"105","Cyprus",1995,29.6,2.26,47.7,3.75,-2.4,30.5,30,8.36246930466569,-1.1,NA
"106","Cyprus",1996,29.5,2.22,47.8,3.67,-2.9,30.6,30,1.24858157644654,-0.6,NA
"107","Cyprus",1997,29.5,2.24,47.9,3.6,-3.6,30.8,29.6,2.64089463952175,-5.3,5
"108","Cyprus",1998,29.4,2.24,48,3.56,-3.3,30.8,30.5,6.11084674642566,6.5,5
"109","Cyprus",1999,29.4,2.2,48,3.49,-3.6,30.9,30.1,4.99796042248005,-3.2,5.2
"110","Cyprus",2000,29.3,2.16,48.1,3.43,-2.4,31.5,32.2,5.96531031488554,-5.8,4.9
"111","Cyprus",2001,29.2,2.1,48.2,3.38,-2.1,32.1,33.2,3.95256054086292,-2,3.9
"112","Cyprus",2002,29.2,2.02,48.3,3.3,-3.8,33.8,32.9,3.72295649883057,-3.5,3.6
"113","Cyprus",2003,29.2,1.9,48.4,3.21,-5,36.5,34.7,2.6232861229859,-3.4,4.3
"114","Cyprus",2004,29.1,1.74,48.5,3.13,-3.4,35.3,34.9,5.02634392575987,-13.8,4.7
"115","Cyprus",2005,29.1,1.64,48.6,3.06,-2.6,36.5,37,4.85300383835666,-15.1,5.3
"116","Cyprus",2006,29.2,1.57,48.7,3.02,-2.3,36.9,37.5,4.71382866563106,-18.9,4.6
"117","Cyprus",2007,29.3,1.53,48.8,2.98,0.6,37.1,40.5,5.09806845261184,-28,3.9
"118","Cyprus",2008,29.4,1.52,49,2.95,-2.7,38.9,38.8,3.6468119905756,-14.7,3.7
"119","Cyprus",2009,29.6,1.5,49.1,2.93,-7.1,41.3,36.5,-2.01526235906867,-6.7,5.4
"120","Cyprus",2010,29.8,1.5,49.2,2.92,-7,41.8,36.7,2.28354499702917,-10.6,6.3
"121","Cyprus",2011,30,1.49,49.4,2.92,-7.8,41.8,36.2,0.416712762832276,-2.2,7.9
"122","Cyprus",2012,30.2,1.49,49.5,2.94,-5.7,38.7,36.3,-3.44738142393619,-3.7,11.9
"123","Cyprus",2013,30.4,1.49,49.6,2.97,-1.9,36.4,37.7,-6.58748225683094,-1.5,15.9
"124","Cyprus",2014,30.4,1.5,49.7,3,-3.8,41.6,41.1,-1.77606191187711,-4,16.1
"125","Cyprus",2015,30.4,1.54,49.7,3.03,3.2,33.7,40.1,3.41892318781653,-0.3,15
"126","Cyprus",2016,30.2,1.59,49.8,3.12,2.3,32.9,37.8,6.57358020185954,-3.9,13
"127","Cyprus",2017,30.1,1.67,49.7,3.21,2.3,33.6,38.4,5.73347613913472,-5,11.1
"128","Cyprus",2018,30.1,1.77,49.8,3.32,-4.7,41.2,38.9,5.64785820050915,-3.9,8.4
"129","Cyprus",2019,30.1,1.92,49.7,3.44,-1.2,38.1,39.1,5.52942854943188,-5.5,7.1
"130","Cyprus",2020,30.1,2.1,49.7,3.58,-4.5,41.4,39,-4.37247418575215,-10,7.6
"131","Czechia",1995,23.8,0.85,41.9,1.02,-12.8,52.7,40.9,6.50081352909872,-3.4,4.1
"132","Czechia",1996,25.1,0.53,42.8,0.77,-4.4,42.1,38.8,4.26541664546846,-6,3.9
"133","Czechia",1997,24.8,0.89,43.2,1.1,-3.5,41,38.5,-0.518331043362068,-5.6,4.8
"134","Czechia",1998,24.5,0.98,43.4,1.24,-3.5,40.1,37.7,-0.356566596194511,-1.8,6.5
"135","Czechia",1999,24.6,1.02,43.9,1.31,-2.1,39.1,38,1.38414894342924,-2.3,8.8
"136","Czechia",2000,24.9,0.99,44.4,1.29,-3,39.4,37.2,4.00102863502944,-3.8,8.8
"137","Czechia",2001,25.1,0.96,44.9,1.24,-5.2,41.7,37.5,3.04297656257042,-4.2,8.2
"138","Czechia",2002,25.4,0.79,45.5,1.08,-5.1,42.2,38.2,1.56985532822202,-4.9,7.3
"139","Czechia",2003,25.6,0.92,45.6,1.14,-5.7,46.8,42.2,3.58368845880418,-4.8,7.8
"140","Czechia",2004,25.8,0.87,45.7,1.04,-1.7,40.5,39.9,4.81426100126959,-4.3,8.3
"141","Czechia",2005,25.7,0.68,45.5,0.96,-3.6,41.9,39.4,6.60161752988951,-2.8,7.9
"142","Czechia",2006,25.5,0.66,45.2,0.9,-4,42.5,39.5,6.76693268125427,-4,7.2
"143","Czechia",2007,25.3,0.7,44.9,0.83,-3.5,42.5,40,5.57033885921025,-4.7,5.3
"144","Czechia",2008,25.2,0.69,44.7,0.9,-4.8,43,39.1,2.68641195092762,-4.5,4.4
"145","Czechia",2009,25.2,0.66,44.6,0.91,-5.4,43.1,38.9,-4.65733109171755,-3.7,6.7
"146","Czechia",2010,25.3,0.69,44.6,0.9,-4.2,42.4,39.5,2.43490215904518,-5.2,7.3
"147","Czechia",2011,25.2,0.68,44.6,0.93,-2.7,41.9,40.5,1.76035962445222,-5.1,6.7
"148","Czechia",2012,25.1,0.68,44.6,0.95,-2.8,42.1,40.7,-0.785004299003617,-2.5,7
"149","Czechia",2013,25.3,0.78,44.9,0.92,0.5,39.4,41.2,-0.0459036735515213,-1.5,7
"150","Czechia",2014,25.2,0.76,44.6,1.02,-0.4,39.5,40.4,2.26210289708078,-1.3,6.1
"151","Czechia",2015,25.1,0.76,44.3,1.02,-0.2,40.4,41.3,5.38838083815307,-1.7,5.1
"152","Czechia",2016,24.9,0.77,44,0.95,1,38.5,40.4,2.5372845203138,-0.3,4
"153","Czechia",2017,24.5,0.76,43.5,1.05,0.6,39.3,40.6,5.16872430413071,0.8,2.9
"154","Czechia",2018,24.4,0.79,43.2,1.15,-0.6,41.4,41.6,3.22008806955105,-0.6,2.2
"155","Czechia",2019,24.4,0.9,43.1,1.32,-1.6,42.5,41.5,3.02987866345279,-0.9,2
"156","Czechia",2020,24.4,1.18,43.2,1.63,-4.8,45.4,41.4,-5.50296796125089,0.7,2.6
"157","Denmark",1995,22,0.36,44.2,0.4,-3.3,52.4,54.9,3.0275872672533,0.7,7.3
"158","Denmark",1996,21.9,0.7,43.4,0.89,-2.4,52.3,55.5,2.90009976874006,1.3,6.8
"159","Denmark",1997,22.2,0.78,43.2,1.03,-1.6,51.2,54.7,3.26089015774798,0.6,5.7
"160","Denmark",1998,22.3,0.79,43.2,1.01,-0.6,51.1,55,2.21815874223761,-0.7,5.4
"161","Denmark",1999,22.5,0.73,43.4,0.9,0.3,51,55.4,2.94802216063901,2.2,5.6
"162","Denmark",2000,22.6,0.26,43.7,0.4,0.4,50.5,54.6,3.74686259540198,1.6,4.6
"163","Denmark",2001,22.8,0.78,43.9,0.93,0.4,50.3,54,0.823152998014436,3.2,4.6
"164","Denmark",2002,23,0.83,44.1,1.01,0,50.1,53.2,0.46634557149423,3,4.6
"165","Denmark",2003,23.1,0.71,44.4,0.9,0.6,50.1,53.5,0.390058556485101,3.5,5.4
"166","Denmark",2004,23.1,0.31,44.8,0.44,2.1,50.4,55.1,2.66821926741747,3.2,5.5
"167","Denmark",2005,23.7,0.63,44.8,0.81,4.4,49.8,56.2,2.33664130821947,4.2,4.8
"168","Denmark",2006,24.4,0.62,44.9,0.79,2.8,50.3,54.9,3.9130079783106,3.3,3.9
"169","Denmark",2007,24.2,0.37,44.4,0.38,2.8,50.3,54.7,0.909238928302372,1.4,3.8
"170","Denmark",2008,24.6,0.65,45.4,0.81,1.7,50.5,53.6,-0.512016744849106,2.9,3.7
"171","Denmark",2009,24.9,0.63,46.2,0.82,-0.9,52.7,53.7,-4.90654772965155,3.5,6.4
"172","Denmark",2010,25.1,0.39,46.9,0.48,-1.5,53.5,53.9,1.87099114718497,6.6,7.7
"173","Denmark",2011,25.2,0.61,47.3,0.82,-1.1,53.5,54.3,1.33677776690328,6.6,7.8
"174","Denmark",2012,25.3,0.65,47.7,0.83,-2.2,54.8,54.4,0.226499791802965,6.3,7.8
"175","Denmark",2013,25.2,0.33,48,0.44,0.2,52.7,54.5,0.933340972371226,7.8,7.4
"176","Denmark",2014,25.7,0.65,48.3,0.83,2.4,52.4,56.3,1.61939381103033,8.9,6.9
"177","Denmark",2015,25.9,0.65,48.5,0.83,-0.6,52.2,53.2,2.34259110757047,8.2,6.3
"178","Denmark",2016,25.8,0.36,48.4,0.45,-0.3,51.3,52.4,3.24595698524399,7.8,6
"179","Denmark",2017,26.3,0.68,48.9,0.91,1,50.6,52.4,2.82173634129026,8,5.8
"180","Denmark",2018,26.5,0.77,49.2,1.14,-0.2,50.7,51.3,1.98953731496432,7.3,5.1
"181","Denmark",2019,26.7,0.89,49.4,1.34,3.3,49.8,53.8,1.49348695853648,8.5,5
"182","Denmark",2020,26.9,1.17,49.6,1.61,1.6,51.6,53.7,-1.99460756850381,7.9,5.6
"183","Estonia",1995,33.5,1.09,47.9,1.56,2.6,37.8,40.8,NA,-4,9.8
"184","Estonia",1996,34,0.98,48.3,1.46,1.7,36.5,38.7,4.94301449126702,-8.4,10.2
"185","Estonia",1997,34.7,0.95,48.8,1.36,1.1,37.4,38.8,13.0500147441833,-10.9,10.2
"186","Estonia",1998,35.2,0.91,49.2,1.28,-1,38.7,38.3,4.33982551026151,-8.5,10
"187","Estonia",1999,35.4,0.91,49.3,1.18,-0.5,37.1,37,-0.425025156762118,-4.2,12.4
"188","Estonia",2000,35.3,0.88,49.3,1.07,1.1,35,36.4,10.0876344406951,-5.4,14.6
"189","Estonia",2001,35,0.82,49.3,1.08,1.4,33.6,35.2,6.00367425106573,-7.1,13
"190","Estonia",2002,34.6,0.81,49.2,1.08,1.3,34.8,36.3,6.7713679304362,-11.1,11.2
"191","Estonia",2003,34.5,0.81,49.1,1.05,1.8,34.8,36.8,7.60026518508707,-12.9,10.3
"192","Estonia",2004,34.2,0.86,48.9,1.01,1.6,34.6,36.4,6.80400777050136,-11.9,10.1
"193","Estonia",2005,33.7,0.74,48.3,0.99,-1.9,36.4,34.7,9.52642697162088,-8.7,8
"194","Estonia",2006,33.2,0.73,47.7,0.99,-3,38.9,36,9.76558336997708,-14.9,5.9
"195","Estonia",2007,32.2,0.77,46.9,0.99,-5.5,41.4,36.1,7.57914052046765,-14.9,4.6
"196","Estonia",2008,31.8,0.77,46.6,1,-6.7,43.1,36.6,-5.13200095768519,-8.7,5.5
"197","Estonia",2009,31.8,0.77,46.8,0.99,2.3,41.4,43.9,-14.6290550324223,2.5,13.5
"198","Estonia",2010,32.1,0.82,47.3,0.97,4.4,36.2,40.7,2.44426511799784,1.8,16.6
"199","Estonia",2011,32.5,0.77,47.5,1,2.9,35.6,38.6,7.26308458128695,1.3,12.3
"200","Estonia",2012,32.9,0.78,47.9,1.01,0.9,38,39,3.22820049358981,-1.9,9.9
"201","Estonia",2013,33.5,0.79,48.3,0.97,1.7,36.9,38.7,1.45842863615992,0.3,8.6
"202","Estonia",2014,33.1,0.81,47.8,1.06,1.8,36.6,38.5,3.01136658651455,0.7,7.3
"203","Estonia",2015,32.4,0.79,46.9,1.03,1.5,38.2,39.7,1.85302004629342,1.8,6.4
"204","Estonia",2016,31.6,0.7,46.1,0.92,0.7,38.3,39,3.15556481438308,1.2,6.8
"205","Estonia",2017,31,0.8,45.4,1.07,-0.7,39.5,38.7,5.79204467466494,2.3,5.8
"206","Estonia",2018,30.7,0.83,45,1.17,-1.3,39.9,38.7,3.78420084952826,0.9,5.4
"207","Estonia",2019,30.8,0.92,45,1.34,-1.1,40.5,39.4,3.73970668161645,2.4,4.5
"208","Estonia",2020,30.9,1.14,45,1.56,-5.1,44.4,39.4,-0.55100125774716,-1,6.9
"209","Estonia",2021,31,1.41,45.1,1.8,-4.5,43.4,38.9,8.01346292400842,-1.8,6.2
"210","Finland",1995,22.2,0.57,45.3,0.81,-3.2,54.3,54.9,4.21686746987953,3.9,15.6
"211","Finland",1996,22.9,0.58,45.1,0.86,-0.9,52.9,56,3.66717982978477,3.6,14.1
"212","Finland",1997,23.6,0.6,45.6,0.9,-0.5,51.2,54.8,6.33379565418399,4.8,13.3
"213","Finland",1998,24.2,0.61,46.2,0.91,1.3,49.2,54,5.45718050065875,4.9,11.5
"214","Finland",1999,24.6,0.61,46.8,0.91,1,48.8,52.7,4.37957572274557,6.8,10.3
"215","Finland",2000,25.1,0.6,47.2,0.9,5,47.3,55,5.7733624584817,7.5,9.9
"216","Finland",2001,25.1,0.61,47.4,0.92,3.7,46.2,52.4,2.61001912392074,8.2,9.2
"217","Finland",2002,25,0.62,47.5,0.92,3.7,46.8,52.6,1.70714896198065,8.3,9.2
"218","Finland",2003,25.1,0.59,47.7,0.9,2.7,47.2,51.7,2.00378420285061,4.9,9.1
"219","Finland",2004,25.4,0.74,48,0.87,1.8,47.9,51.4,3.99209129032087,5.9,8.9
"220","Finland",2005,25.5,0.59,48.2,0.89,2.1,48,51.7,2.77985055556123,3.2,8.5
"221","Finland",2006,25.7,0.61,48.3,0.88,2.3,48.4,52.2,4.02740965802573,3.9,7.8
"222","Finland",2007,25.8,0.71,48.1,0.86,1.3,49.3,52,5.29933650739021,4.1,7
"223","Finland",2008,25.4,0.61,48.1,0.89,0.7,50.3,52.4,0.783995060876521,2.7,6.5
"224","Finland",2009,25.2,0.6,48.1,0.88,-0.5,50.6,51.4,-8.0744474323113,2,8.3
"225","Finland",2010,25.6,0.68,48.4,0.82,-1.9,51.9,51.3,3.18595865407703,1.5,8.6
"226","Finland",2011,25.5,0.5,48.6,0.79,-1.6,52.9,52.7,2.54766483842627,-1.5,8
"227","Finland",2012,25.3,0.59,48.5,0.85,-1.6,53.4,53.2,-1.39754572817782,-2.1,7.9
"228","Finland",2013,25.6,0.63,48.8,0.82,-1.2,54.1,54.2,-0.901696316194844,-2,8.3
"229","Finland",2014,25.3,0.55,48.7,0.84,-1.2,54.1,54.1,-0.364908156882066,-1.4,8.7
"230","Finland",2015,25.5,0.56,49.1,0.85,-0.6,53.3,53.9,0.543659211765487,-0.8,9.4
"231","Finland",2016,25.7,0.63,49.7,0.87,-1,53.8,53.9,2.81145776663433,-2,8.9
"232","Finland",2017,25.9,0.57,49.7,0.89,-1.2,53.3,53,3.19240962968416,-0.8,8.7
"233","Finland",2018,26.1,0.62,49.8,0.94,-1.5,53.2,52.6,1.1397180134305,-1.8,7.5
"234","Finland",2019,26.2,0.66,50,1.01,-1.7,53.3,52.5,1.22474892206223,-0.3,6.8
"235","Finland",2020,26,0.72,49.8,1.15,-4.4,55.2,51.5,-2.2051393728223,0.7,7.7
"236","France",1995,28.7,0.89,48.1,1.06,-4.3,50.5,49.7,2.10669525325974,0.6,10.2
"237","France",1996,28.6,0.48,48.2,0.66,-2.6,50,51,1.41299367250002,1.3,10.5
"238","France",1997,28.5,0.37,48.5,0.48,-2.3,49.7,50.9,2.33629652937944,2.8,10.7
"239","France",1998,28.4,0.35,49.2,0.43,-1.8,49,50.5,3.58865942535427,2.7,10.3
"240","France",1999,29,0.33,49.3,0.43,-1.7,49.7,51,3.42137379882455,2.9,10
"241","France",2000,29.3,0.35,49.3,0.4,-2.4,49.8,50.3,3.92366922704063,1.4,8.6
"242","France",2001,29.2,0.36,48.8,0.43,-2.3,49.7,50.3,1.98372141863292,1.8,7.8
"243","France",2002,29,0.45,48.2,0.54,-3.5,50.2,49.6,1.13553148214601,1.6,7.9
"244","France",2003,28.9,0.5,48.2,0.58,-3.7,50.1,49.3,0.823160756684118,1.3,8.5
"245","France",2004,29,0.52,48.4,0.63,-3.9,50.5,49.4,2.82975292869891,0.9,8.9
"246","France",2005,29.4,0.53,48.7,0.54,-3.7,50.9,49.9,1.66321998030079,0.2,8.9
"247","France",2006,29.7,0.48,48.7,0.54,-3.4,51.2,50.4,2.44932360111885,0,8.8
"248","France",2007,29.8,0.5,48.8,0.57,-4.3,51.5,49.9,2.42473624337305,-0.5,8
"249","France",2008,29.9,0.53,48.9,0.55,-4.3,51.5,50,0.254945960124005,-0.7,7.4
"250","France",2009,30.1,0.48,49.6,0.52,-5.8,53.2,50,-2.87331382849631,-0.4,9.1
"251","France",2010,30.7,0.49,50.3,0.59,-6.1,53.6,50,1.94943762312663,-0.8,9.3
"252","France",2011,31.1,0.47,51,0.52,-5.2,53.6,51.1,2.19270063266654,-1.2,9.2
"253","France",2012,30.9,0.48,51.2,0.56,-4.7,54.2,52.1,0.313134751077172,-1.2,9.8
"254","France",2013,30.1,0.5,50.8,0.57,-3.6,54.4,53.1,0.576326674771792,-1,10.3
"255","France",2014,29.9,0.5,51,0.55,-3.5,54.6,53.3,0.956183052371557,-1.2,10.3
"256","France",2015,29.9,0.49,51.4,0.62,-3.3,54.5,53.2,1.1129123405747,-0.5,10.3
"257","France",2016,29.7,0.51,51.6,0.58,-3.4,54.7,53,1.09546440372048,-0.6,10.1
"258","France",2017,29.8,0.46,51.9,0.53,-3.6,55.4,53.5,2.29141999417021,-0.7,9.4
"259","France",2018,30.1,0.5,52.2,0.64,-3.5,55.2,53.3,1.86506607081999,-0.7,9
"260","France",2019,30,0.9,51.9,1.1,-4.9,55.7,52.3,1.84297181445896,-0.7,8.4
"261","France",2020,30,1.23,51.9,1.48,-5.2,56.4,52.5,-7.78458649167871,-2.5,8
"262","Germany",1995,25.7,0.72,46.1,0.85,-9.5,51.7,45.7,1.54414649556445,-1.2,7.9
"263","Germany",1996,25.4,0.69,46.5,0.88,-3.1,45.5,45.8,0.80582289149001,-0.7,8.5
"264","Germany",1997,25.4,0.7,46.8,0.88,-2.5,44.8,45.6,1.79216082094591,-0.5,9.3
"265","Germany",1998,25.5,0.68,47.1,0.84,-2.4,44.6,45.6,2.01393278519326,-0.7,9
"266","Germany",1999,25.9,0.61,47.4,0.74,-1.7,45.1,46.5,1.88726115399444,-1.4,8.1
"267","Germany",2000,26.2,0.61,48.2,0.77,-2.3,45.3,46.2,2.91250296366708,-1.8,7.4
"268","Germany",2001,26.8,0.57,49.3,0.7,-3.9,45.3,44.4,1.68146848097079,-0.3,7.5
"269","Germany",2002,27,0.58,50,0.71,-4.1,45.1,44,-0.197973834771361,1.9,8.2
"270","Germany",2003,27,0.6,50.4,0.75,-3,44.6,44.6,-0.700116686114356,1.4,9.3
"271","Germany",2004,27.4,0.56,50.8,0.8,-2.6,43.3,43.4,1.17508813160987,4.5,10.2
"272","Germany",2005,28.2,0.64,51.5,0.79,-2.4,43.1,43.5,0.731707163554191,4.7,10.5
"273","Germany",2006,28.4,0.61,51.7,0.8,-2,42.9,43.6,3.816441912988,5.9,9.6
"274","Germany",2007,28.6,0.66,51.7,0.81,-1,42,43.7,2.97645513131597,7,8.1
"275","Germany",2008,28.6,0.71,51.6,0.82,-1.3,42.7,44.1,0.95987913356484,5.7,7
"276","Germany",2009,28.6,0.65,51.7,0.81,-0.8,43.2,45,-5.69383633640285,6,7.3
"277","Germany",2010,28.7,0.62,51.8,0.81,-3.5,44.7,43.7,4.17988249873657,5.9,6.6
"278","Germany",2011,28.8,0.62,51.9,0.79,-1.2,43.1,44.4,3.92519270463411,6.3,5.5
"279","Germany",2012,29,0.69,52.1,0.78,0.1,42.5,44.9,0.418497594217598,7.2,5.1
"280","Germany",2013,29.1,0.72,52.3,0.77,0.6,42.6,45,0.437591303144671,6.6,5
"281","Germany",2014,29.1,0.69,52.2,0.77,0.7,42.6,44.9,2.20954343134872,7.4,4.7
"282","Germany",2015,29.3,0.71,52.2,0.79,1,42.7,45.1,1.49193152760772,8.7,4.4
"283","Germany",2016,29.4,0.66,52.2,0.78,0.7,43.6,45.5,2.22999986782015,8.7,3.9
"284","Germany",2017,29.6,0.74,52.1,0.84,0.1,44.4,45.5,2.68023111405891,8,3.6
"285","Germany",2018,29.7,0.8,51.9,0.89,0.8,44.6,46.3,0.981232606004738,8.1,3.2
"286","Germany",2019,29.7,0.95,51.7,1.03,0.3,45.4,46.5,1.05660389828289,7.7,3
"287","Germany",2020,29.8,1.3,51.8,1.45,-3.2,48.6,46,-3.69678870538043,7.1,3.7
"288","Greece",1995,34.5,1.03,48.4,1.29,-8.1,33.6,36.2,2.09971973736229,-3.4,9.6
"289","Greece",1996,34.4,1.14,48.5,1.38,-6.5,33,36.8,2.86212880203753,-5.2,10
"290","Greece",1997,34.2,1.17,48.6,1.43,-5,34.2,37.6,4.48419902004329,-3.5,10.4
"291","Greece",1998,34,1.11,48.6,1.41,-5.4,36.5,38.8,3.89490502829646,-6.7,11.4
"292","Greece",1999,33.8,0.99,48.5,1.34,-4.6,37.3,40.3,3.07259669091249,-6.5,12.4
"293","Greece",2000,33.6,0.94,48.3,1.25,-3,38.4,42.3,3.91977071728951,-9,11.6
"294","Greece",2001,33.3,1.11,48.4,1.36,-4.6,38.8,40.5,4.13161225295717,-9.3,11
"295","Greece",2002,33.1,1.09,48.5,1.35,-5.4,39.6,39.7,3.92287165291359,-8.8,10.6
"296","Greece",2003,32.8,1,48.4,1.26,-8.6,42.5,38.8,5.7945314727466,-11,10
"297","Greece",2004,32.8,0.91,48.4,1.12,-10.9,45,38.9,5.06099220398106,-8.7,10.8
"298","Greece",2005,32.8,0.89,49.1,1.13,-7.5,42.3,39.5,0.599142188605043,-9.5,10.2
"299","Greece",2006,32.7,0.85,49.5,1.08,-9.8,44.7,39.4,5.65243362169147,-12.3,9.2
"300","Greece",2007,32.5,0.86,49.6,1.05,-12.3,48.5,40.7,3.27374690421107,-15.6,8.6
"301","Greece",2008,32.4,0.83,49.9,1.06,-16,52.2,41,-0.335172341805816,-15.8,8
"302","Greece",2009,32.5,0.84,50.3,1.07,-19.4,53.5,39.1,-4.30073367269142,-12.5,9.8
"303","Greece",2010,32.8,0.89,50.9,1.06,-13.8,49.4,41.7,-5.47821774237963,-10.4,12.9
"304","Greece",2011,33.2,0.86,51.5,1.07,-8.6,45.5,44.5,-10.1493148298685,-9.3,18.1
"305","Greece",2012,33.4,0.86,51.9,1.1,-5,47,47.4,-7.08669678638024,-4.1,24.8
"306","Greece",2013,33.3,0.9,52.3,1.1,-9.2,54.3,49.2,-2.51599722189651,-1.6,27.8
"307","Greece",2014,33.1,0.88,51.9,1.13,-0.9,43.8,46.9,0.475695947137041,-1.3,26.6
"308","Greece",2015,32.7,0.88,51.5,1.08,-3.8,48.3,48.1,-0.196087629724133,-1.4,25
"309","Greece",2016,32.2,0.9,51.2,0.96,1.9,44.9,50,-0.487173294301954,-2.3,23.9
"310","Greece",2017,31.5,0.91,50,1.13,1.4,44.5,49.1,1.09214912017283,-2.1,21.8
"311","Greece",2018,31,0.94,49.1,1.25,0.8,45.3,49.5,1.66842863602514,-3.5,19.7
"312","Greece",2019,30.9,1.07,48.8,1.41,0.2,45.8,49,1.8843417847952,-2.3,17.9
"313","Greece",2020,30.9,1.36,48.8,1.7,-5.7,52.3,49.5,-9.00404364202146,-8,17.6
"314","Hungary",1995,28.1,0.78,48.3,1.15,-8,45.8,46.6,1.48952547622301,-3.7,9.5
"315","Hungary",1996,28.1,0.74,48.5,1.14,-2.7,40.2,46.6,0.082413297607502,-4,9.6
"316","Hungary",1997,28,0.78,48.5,1.18,-4.1,39.6,43.9,3.1431221936127,-4.6,8.8
"317","Hungary",1998,27.9,0.79,48.6,1.2,-6.3,42.6,43.3,3.90000450119636,-7.3,8.2
"318","Hungary",1999,27.9,0.89,48.8,1.22,-4.1,41.1,43.6,3.07102686649078,-8.4,6.8
"319","Hungary",2000,27.6,0.84,48.4,1.27,-2.4,41.4,44.2,4.47919473197571,-8.7,6.2
"320","Hungary",2001,27.5,0.87,48.2,1.32,-3.7,42.2,43.2,4.07408803273854,-6.5,5.5
"321","Hungary",2002,27.7,0.89,48.3,1.34,-9.1,47.3,42.2,4.7412865464827,-7.1,5.6
"322","Hungary",2003,28.3,0.93,48.6,1.35,-7.8,45.8,42,4.07424974585209,-9,5.7
"323","Hungary",2004,28.6,0.88,48.6,1.33,-8.2,46.1,42.3,5.00462069164915,-10.8,5.9
"324","Hungary",2005,28.8,0.84,48.5,1.27,-10.1,47.8,41.8,4.29427761009178,-9.4,7
"325","Hungary",2006,28.1,0.77,47.9,1.24,-12.5,51,42.4,3.9460668802932,-8.3,7.3
"326","Hungary",2007,27.6,0.71,47.3,1.19,-7.6,48.6,45,0.277372772325805,-8.3,7.2
"327","Hungary",2008,27.2,0.8,46.9,1.25,-6.1,47.2,45.2,1.00394302900897,-7.3,7.6
"328","Hungary",2009,27.2,0.76,46.7,1.24,-3.4,44.6,45.7,-6.59786721850169,-1.3,9.7
"329","Hungary",2010,27.6,0.82,47,1.29,-3.1,43.2,44.3,1.0762540427767,-0.4,10.8
"330","Hungary",2011,28,0.84,47.3,1.32,-4.1,43.8,43.8,1.86683747544298,0.2,10.7
"331","Hungary",2012,28.4,0.77,47.7,1.3,-0.1,42.1,46.6,-1.25022602347063,0.9,10.7
"332","Hungary",2013,28.6,0.86,47.8,1.34,-0.4,43.2,47.3,1.80252210082266,2.9,9.8
"333","Hungary",2014,28.5,0.83,47.8,1.35,-1.5,44.7,47.2,4.23220980614269,0.5,7.5
"334","Hungary",2015,28.5,0.86,47.9,1.37,-1.4,46.3,48.3,3.7073159793626,1.8,6.6
"335","Hungary",2016,28.4,0.87,47.9,1.44,-1,42.9,44.9,2.20100189293856,4.2,5
"336","Hungary",2017,28.4,0.89,47.9,1.49,-2.4,44,44.3,4.27197601620695,1.6,4
"337","Hungary",2018,28.3,0.92,47.8,1.57,-3.1,44.9,44.1,5.36233225929902,0,3.6
"338","Hungary",2019,28.3,1.06,47.8,1.73,-4,45.9,44.2,4.85779236030737,-0.9,3.3
"339","Hungary",2020,28.3,1.35,47.8,1.98,-6.1,47.2,43.4,-4.54726382323224,-0.9,4.1
"340","Ireland",1995,33.1,1.25,49.6,1.55,-0.1,33.3,38.4,9.63442207285961,2.6,12.1
"341","Ireland",1996,32.9,1.29,49.4,1.55,1.8,32.3,38.4,7.37962433469586,2.9,11.6
"342","Ireland",1997,32.8,1.34,49.3,1.59,1.7,32,37.5,11.0217649889624,2.8,9.9
"343","Ireland",1998,32.5,1.34,49.2,1.61,1.9,31,36.2,8.76612230997861,0.6,7.8
"344","Ireland",1999,32.2,1.32,49,1.56,1.9,31.7,36,10.5298862580675,0,5.9
"345","Ireland",2000,31.8,1.27,49,1.48,2,31.3,35.3,9.40352464209762,0.6,4.5
"346","Ireland",2001,31.4,1.23,49.2,1.41,-1.2,32.8,33,5.3058209115725,0.2,4.2
"347","Ireland",2002,31.3,1.14,49.4,1.29,-2.7,33.6,32.3,5.89936576117442,0.2,4.7
"348","Ireland",2003,31.4,1.19,50,1.28,-0.6,32.4,33,3.01383807882773,0.5,4.8
"349","Ireland",2004,31.4,1.17,50.7,1.23,-0.8,33.8,34,6.78814020435452,-0.1,4.7
"350","Ireland",2005,31.3,1.11,51.4,1.18,-1.5,35,34.5,5.7397821688559,-3.5,4.6
"351","Ireland",2006,31.1,1.09,52,1.16,-1.3,36.4,36.2,4.98785347349479,-5.4,4.8
"352","Ireland",2007,30.7,1.09,52.9,1.17,-5.2,39.9,35.7,5.31011814691841,-6.5,5
"353","Ireland",2008,30.5,1,54,1.19,-8.7,41.9,34.5,-4.48407049219472,-6.3,6.8
"354","Ireland",2009,30.5,0.99,55.1,1.15,-11.7,42.7,33.1,-5.09578275532317,-4.7,12.6
"355","Ireland",2010,30.4,0.94,55.9,1.1,-29.5,59.6,32.9,1.68297153835975,-1.2,14.6
"356","Ireland",2011,30.5,0.88,56.2,1.07,-10,40.4,33.8,0.833830148555222,-1.6,15.4
"357","Ireland",2012,30.5,0.84,56.4,1.03,-3.1,33.3,34.3,-0.00554201066994153,-3.4,15.5
"358","Ireland",2013,30.4,0.82,56.1,1.02,0.5,29.7,34.5,1.12568964599835,1.6,13.8
"359","Ireland",2014,30.1,0.88,55.4,0.99,1.9,28.4,34.2,8.64935060757608,1.1,11.9
"360","Ireland",2015,29.9,0.95,54.7,1.05,-4.6,28.8,26.9,24.3704453546988,4.4,9.9
"361","Ireland",2016,29.8,1.01,54.1,1.12,-0.8,25.8,27.3,2.00665411509893,-4.2,8.4
"362","Ireland",2017,29.4,1.07,53.5,1.22,-1.2,25.1,25.8,9.00534242438529,0.5,6.7
"363","Ireland",2018,29,1.05,52.9,1.32,-1.4,25.2,25.4,8.52754139148431,4.9,5.8
"364","Ireland",2019,28.7,1.11,52.4,1.52,-0.1,23.5,24.7,5.44093733423819,-19.8,5
"365","Ireland",2020,28.6,1.32,52.2,1.76,-5,26.3,22.3,6.18453803881623,-2.7,5.9
"366","Ireland",2021,28.4,1.52,52,1.99,-4.8,27.1,23,13.5882471079549,14.2,6.2
"367","Italy",1995,33.3,1.03,47,1.14,-6.8,40.1,44.4,2.88683675924553,1.9,11.5
"368","Italy",1996,33.2,1.1,47.2,1.28,-5.9,39.8,44.9,1.26678480191715,2.8,11.9
"369","Italy",1997,33.2,1.12,47.4,1.31,-2.4,39.8,46.5,1.83021223388438,2.6,11.9
"370","Italy",1998,33.4,1.04,47.6,1.23,-2.4,39.8,45.2,1.81061516197623,1.7,12.1
"371","Italy",1999,33.2,1.08,47.7,1.25,-1.2,40.3,45.5,1.6257275993546,0.8,11.5
"372","Italy",2000,33.4,1.03,47.9,1.14,-3,41,44.1,3.78695514323979,-0.3,10.7
"373","Italy",2001,33.5,1.12,48.2,1.26,-4.1,42.1,44.1,1.95137155605238,0.2,9.7
"374","Italy",2002,33.3,1.1,48.3,1.28,-3.2,41.6,43.8,0.253942998968455,-0.5,9.1
"375","Italy",2003,33.2,1.03,48.6,1.21,-3.1,42.1,44,0.138626890776507,-0.8,8.8
"376","Italy",2004,33.1,0.91,48.8,1.1,-3.7,42.5,43.4,1.42359415817907,-0.5,8.1
"377","Italy",2005,32.9,0.91,48.8,1.11,-4.5,43.1,43.1,0.817848973650598,-0.9,7.8
"378","Italy",2006,32.8,0.83,48.8,1.08,-4.8,44.5,44.1,1.79063968081796,-1.5,6.9
"379","Italy",2007,32.5,0.83,48.7,1.06,-3.3,43.9,45.4,1.48707298036786,-1.4,6.2
"380","Italy",2008,32.6,0.86,48.7,1.02,-4.1,44.4,45.2,-0.962012840579291,-2.8,6.8
"381","Italy",2009,32.7,0.79,49,1.02,-3.9,45.5,46,-5.2809372082931,-1.9,7.9
"382","Italy",2010,32.9,0.81,49.4,1.02,-4.2,45.6,45.7,1.71329583916922,-3.3,8.5
"383","Italy",2011,33.3,0.8,50,1.04,-4.2,45.1,45.6,0.707333347034435,-2.8,8.5
"384","Italy",2012,33.5,0.8,50.6,1.04,-2.2,44.7,47.7,-2.98090576823772,-0.2,10.9
"385","Italy",2013,33.5,0.82,51.1,1.02,-1.4,44.7,48.2,-1.84106545088248,1.1,12.4
"386","Italy",2014,33.6,0.87,52,1.01,-1.7,45.1,48,-0.00454754236383792,1.9,12.9
"387","Italy",2015,33.7,0.86,52.1,1.07,-1.8,45.5,47.8,0.778304350716581,1.4,12
"388","Italy",2016,33.8,0.9,52.4,1.07,-2.4,45.1,46.7,1.29346273155907,2.6,11.7
"389","Italy",2017,33.8,0.88,51.9,1.16,-3.3,45.8,46.3,1.66785904106857,2.6,11.3
"390","Italy",2018,33.7,0.96,51.6,1.29,-3.4,45.9,46.2,0.925810941012742,2.6,10.6
"391","Italy",2019,33.7,1.12,51.4,1.5,-2.8,46.4,46.9,0.483198316597154,3.3,9.9
"392","Italy",2020,33.7,1.28,51.4,1.72,-5.6,49.6,47.5,-9.03995341122885,3.9,9.3
"393","Italy",2021,33.8,1.52,51.3,1.97,-6.3,50.9,48.1,6.73727712298924,3.1,9.5
"394","Latvia",1995,29.2,1.38,42.6,2.38,3.4,29.5,33.7,NA,-2.8,14.8
"395","Latvia",1996,30,1.33,43.2,2.33,3.6,29.7,34.6,2.58801533086384,-6.8,15.9
"396","Latvia",1997,30.8,1.3,43.8,2.25,3,32.5,36.4,8.83691278400258,-7.1,14.6
"397","Latvia",1998,31.5,1.3,44.4,2.21,0.5,36.8,37.9,6.33593778412593,-9.7,14.2
"398","Latvia",1999,32.2,1.36,44.9,2.17,-2.8,39.1,37,2.7561742164455,-9.5,14.2
"399","Latvia",2000,32.7,1.41,45.4,2.15,-1.9,35.3,34.3,5.67574131186166,-5.6,14.5
"400","Latvia",2001,33.3,1.4,45.9,2.11,-1.3,33.1,32.7,6.32350815882813,-8.3,13.9
"401","Latvia",2002,34,1.32,46.4,2.03,-2,33.9,32.7,7.08812865691006,-7.2,12.6
"402","Latvia",2003,34.6,1.22,46.9,1.93,-2,33.5,32.3,8.42286220668569,-8.5,11.7
"403","Latvia",2004,35.1,1.12,47.3,1.84,-2.4,35.6,34,8.28414597787324,-12.2,11.8
"404","Latvia",2005,35.4,1.11,47.5,1.78,-3.6,37.6,34.6,10.7203659565649,-11.7,10.1
"405","Latvia",2006,35.4,1.04,47.7,1.72,-6.4,42.5,36.5,11.9718356939022,-20.6,7.1
"406","Latvia",2007,35.6,1.01,47.9,1.69,-8.9,43.4,34.8,9.941921627624,-20.5,6.2
"407","Latvia",2008,35.7,1,48,1.69,-9.8,43.9,34.6,-3.24912072305602,-12.1,7.8
"408","Latvia",2009,35.7,1,48,1.68,-8.1,42,35.4,-14.2601400377132,7.8,17.7
"409","Latvia",2010,35.6,1.03,47.9,1.68,-5,40.1,36.8,-4.455567259981,1.8,19.7
"410","Latvia",2011,35.5,1.03,47.8,1.69,-1,36.9,37.7,2.57371236333377,-3.3,16.3
"411","Latvia",2012,35.4,1.04,47.7,1.73,0,35.6,37.3,7.04224716054507,-3.6,15.1
"412","Latvia",2013,35.2,1.06,47.6,1.77,0,35.7,37.2,2.00796687876637,-2.5,11.9
"413","Latvia",2014,35,1.09,47.5,1.82,-0.4,36.3,37.2,1.90217268380506,-1.6,10.9
"414","Latvia",2015,34.8,1.11,47.4,1.87,-1,36.9,37.2,3.88526005426763,-0.6,9.9
"415","Latvia",2016,34.8,1.12,47.4,1.91,0.3,36.2,37.5,2.36861474664423,1.6,9.7
"416","Latvia",2017,34.8,1.15,47.4,1.99,-1,38,37.9,3.31247593587459,1.3,8.7
"417","Latvia",2018,34.9,1.21,47.3,2.09,-1.8,39.7,38.6,3.99185450470748,-0.2,7.4
"418","Latvia",2019,34.9,1.32,47.3,2.22,-1.7,38.7,37.7,2.56970388771063,-0.7,6.3
"419","Latvia",2020,35,1.5,47.4,2.38,-3.9,41,37.8,-2.20298533825142,2.8,8.1
"420","Lithuania",1995,31,1.37,45.6,1.87,4,28.6,32.9,NA,-9.2,6.8
"421","Lithuania",1996,31.4,1.25,46.1,1.79,0.5,31.9,33.2,5.15846431747072,-8.6,7.8
"422","Lithuania",1997,31.5,1.23,46.4,1.74,-10.6,48.3,38.5,8.31092156187248,-9.7,13.1
"423","Lithuania",1998,31.6,1.16,46.7,1.66,-3.8,40.8,38.2,7.47575872433057,-11.5,13.4
"424","Lithuania",1999,31.8,1.11,47.1,1.62,-1.7,38.3,38,-1.14157115625557,-10.7,14.4
"425","Lithuania",2000,32,1.12,47.5,1.57,-1.8,36.3,36.2,3.69552542107776,-5.9,16.4
"426","Lithuania",2001,32.2,1.15,47.9,1.54,-2.7,34.7,33.6,6.52610890248806,-4.7,17.3
"427","Lithuania",2002,32.4,1.1,48.3,1.45,-1.4,33.4,33.3,6.75141457592376,-5.2,13.7
"428","Lithuania",2003,33,1.02,48.9,1.33,-2.6,33.7,32.4,10.565956988762,-6.8,12.5
"429","Lithuania",2004,33.6,0.85,49.5,1.15,-3,34.8,32.7,6.56949011753593,-7.8,10.9
"430","Lithuania",2005,33.6,0.83,49.6,1.09,-2.8,35.9,33.8,7.73236760360545,-7.4,8.3
"431","Lithuania",2006,33.3,0.82,49.4,1.05,-3.7,37.1,34.1,7.41412133545715,-10.7,5.8
"432","Lithuania",2007,33.4,0.82,49.7,1.05,-7,40.9,34.6,11.1074801410501,-15.4,4.3
"433","Lithuania",2008,34,0.81,50.5,1.03,-8.8,43.3,35.2,2.61442303328732,-13.3,5.8
"434","Lithuania",2009,34,0.9,51.1,1.06,-6.8,41.4,35.8,-14.8386083735986,2,13.8
"435","Lithuania",2010,33.6,0.86,51.5,1.02,-4.2,37.8,35.4,1.65124065328366,0.2,17.8
"436","Lithuania",2011,33.6,0.85,51.5,1.01,-7.4,39.2,33.6,6.03900816040344,-3.7,15.4
"437","Lithuania",2012,34.3,0.93,51.6,1.04,-2.1,33.1,33,3.8438647490634,-1.6,13.4
"438","Lithuania",2013,34.9,0.99,51.5,1.07,-1.9,33.1,32.9,3.55007284270485,1.7,11.8
"439","Lithuania",2014,35.5,1.05,51.4,1.15,-0.2,32.7,34.1,3.53700987901611,3.5,10.7
"440","Lithuania",2015,35.9,1,51.3,1.13,0.4,32.9,34.9,2.02458395469182,-2.5,9.1
"441","Lithuania",2016,36.1,1.02,51.2,1.14,1.1,32.1,34.5,2.51882827307178,-1.1,7.9
"442","Lithuania",2017,36.1,0.97,51,1.14,0.7,31.8,33.6,4.28259695120761,0.5,7.1
"443","Lithuania",2018,35.8,0.97,50.9,1.2,0.4,33.3,34.5,3.99331032795327,0.3,6.2
"444","Lithuania",2019,35.5,1.09,50.8,1.38,-0.3,34.7,35.2,4.62510313907674,3.5,6.3
"445","Lithuania",2020,35.4,1.37,50.8,1.66,-6.7,41.7,35.6,-0.0217629740036216,7.3,8.5
"446","Luxembourg",1995,25.2,0.95,41.3,1.31,3.6,39.9,44,1.43219998899029,7.5,2.9
"447","Luxembourg",1996,25.5,0.8,41.8,1.18,4.6,38.9,43.9,1.39807448266822,5.5,2.9
"448","Luxembourg",1997,25.8,0.86,42.3,1.19,4.5,39.1,44,5.41983329431434,5.5,2.5
"449","Luxembourg",1998,26,1,42.5,1.29,4,40.3,44.7,6.67451218969963,8.9,2.6
"450","Luxembourg",1999,26,1.01,42.7,1.29,2.8,40.1,43.3,8.17518156276316,5.2,2.4
"451","Luxembourg",2000,26.1,0.9,43,1.2,4.2,39.1,43.6,6.93813024939334,10.7,2.4
"452","Luxembourg",2001,26.1,0.89,43.2,1.23,4.9,38.6,43.8,3.07435499929876,10.1,2.3
"453","Luxembourg",2002,26.4,1,43.7,1.27,1.7,41.8,43.8,3.2254168997208,7.4,2.9
"454","Luxembourg",2003,26.5,0.97,44.1,1.21,0.6,42.8,43.6,2.61937857939165,3.3,3.7
"455","Luxembourg",2004,26.9,0.89,44.6,1.13,-1.3,43.4,42.3,4.23189130735582,9.3,5.1
"456","Luxembourg",2005,27.2,0.79,44.9,1.06,0.3,42.7,43.2,2.48287474811472,10.1,4.5
"457","Luxembourg",2006,27.3,0.78,45.2,1.07,1.2,39.9,41.3,6.01671504402741,5.5,4.7
"458","Luxembourg",2007,27.6,0.87,45.6,1.12,1.3,40.2,41.8,8.0986676066054,11.8,4.1
"459","Luxembourg",2008,28,0.78,46.1,1.09,1.8,39.2,41.3,-0.30017619444267,7.2,5.1
"460","Luxembourg",2009,27.8,0.77,46.1,1.07,0.8,41.3,42.5,-3.23895402683188,1.9,5.1
"461","Luxembourg",2010,27.8,0.85,46.4,1.1,0.1,41.2,41.7,3.76041359255095,-0.5,4.4
"462","Luxembourg",2011,28,0.78,46.5,1.06,1.5,40.1,42.1,1.04429869455731,-1,4.9
"463","Luxembourg",2012,28.6,0.79,47.1,1.06,1.6,40.2,42.3,1.64990202978652,6.7,5.1
"464","Luxembourg",2013,28.4,0.83,47.1,1.03,1.5,40.1,42.1,3.17179049916005,4.5,5.9
"465","Luxembourg",2014,28.3,0.83,46.9,1.07,1.8,39.8,41.9,2.62308601577192,5.3,5.9
"466","Luxembourg",2015,28.6,0.93,47,1.09,1.7,39.6,41.7,2.26978448419565,-1,6.7
"467","Luxembourg",2016,28.9,0.94,47.4,1.15,1,40.6,42,4.97819043681629,1.8,6.3
"468","Luxembourg",2017,29.3,1,47.8,1.18,0.8,41.5,42.7,1.31718766293677,3,5.5
"469","Luxembourg",2018,29.6,1.06,48,1.27,2.8,42.1,45.3,1.21932191856359,3.9,5.6
"470","Luxembourg",2019,29.6,1.2,48.1,1.51,1.9,43.1,45.4,2.31992520093738,-1.4,5.6
"471","Luxembourg",2020,29.6,1.45,48.1,1.8,-2.4,45.5,43.3,-0.797435589222587,3.1,6.8
"472","Malta",1999,28.5,2.41,44.3,4.1,-7.4,38.4,34.8,4.71997488242206,-3.3,6.4
"473","Malta",2000,28.3,2.33,44.4,4.03,-7.7,38,34.3,19.6817909193016,-12,6.6
"474","Malta",2001,28.2,2.26,44.5,3.92,-6.2,37.9,35.4,-1.17479647891984,-3.6,6.9
"475","Malta",2002,28,2.16,44.5,3.81,-5.4,37.5,36,2.56504704818671,2.3,6.9
"476","Malta",2003,27.8,2.03,44.6,3.71,-9.6,41.9,35.9,4.07456985210095,-2.9,7.6
"477","Malta",2004,27.7,1.87,44.7,3.6,-3.7,37.7,37.7,0.13959908397905,-4.5,7.2
"478","Malta",2005,27.5,1.75,44.7,3.48,-2.5,38.4,39.6,3.38329965697102,-8,6.9
"479","Malta",2006,27.4,1.63,44.7,3.37,-2,38.1,39.8,2.51049194733572,-9.1,6.8
"480","Malta",2007,27.3,1.55,44.8,3.29,-2.5,37.8,38.8,4.77534732485961,-3,6.5
"481","Malta",2008,27.3,1.51,44.8,3.26,-4.8,39.5,38,3.82559140088306,-2.3,6
"482","Malta",2009,27.3,1.49,44.9,3.2,-1.7,36.7,38.2,-1.13310598752768,-8.3,6.9
"483","Malta",2010,27.2,1.5,45,3.15,-1.6,36.6,38,5.5435693770699,-6.1,6.9
"484","Malta",2011,27.2,1.49,45,3.13,-0.8,36.9,39.2,0.466127625222981,-2,6.4
"485","Malta",2012,27.3,1.5,45,3.14,-1,37.1,39.1,4.11866098158396,-0.4,6.2
"486","Malta",2013,27.3,1.5,45.1,3.17,-0.1,36.2,38.9,5.4730579170764,0.1,6.1
"487","Malta",2014,27.4,1.51,45.1,3.22,-0.5,36.7,38.9,7.63311933534743,5.7,5.7
"488","Malta",2015,27.5,1.54,45.2,3.24,-1.7,37,37.6,9.60813122231481,2.7,5.4
"489","Malta",2016,27.6,1.58,45.3,3.31,1.1,34.3,37.5,3.3811157682035,3.7,4.7
"490","Malta",2017,27.7,1.65,45.3,3.4,0.7,34.9,37.4,10.9253292306501,10.9,4
"491","Malta",2018,27.9,1.74,45.4,3.51,-1,37,37.5,6.16898410649173,10.7,3.7
"492","Malta",2019,28,1.92,45.5,3.64,-3,37.9,36.2,5.9173445074357,7.6,3.6
"493","Malta",2020,28.2,2.1,45.5,3.76,-6.7,42.4,37,-8.3242832319722,1.4,4.4
"494","Netherlands",1995,26.1,0.92,46,1.29,-7.6,47.8,45.3,3.11603598565915,4.1,8.7
"495","Netherlands",1996,25.7,1.04,45.7,1.37,-0.7,41.5,45.5,3.49874212057929,4.1,7.9
"496","Netherlands",1997,25.3,1.07,45.4,1.4,-1.1,40.8,44.2,4.3290534045255,4.1,6.8
"497","Netherlands",1998,25,0.98,45.2,1.32,-1.6,40.6,43.2,4.66391716015247,2.6,5.4
"498","Netherlands",1999,24.5,0.78,45,1.17,-1.1,40.9,43.7,5.03404815181835,3.3,4.4
"499","Netherlands",2000,25.1,0.83,45.3,1.25,-0.9,41,43.4,4.1956424978691,3.9,3.6
"500","Netherlands",2001,25.5,1.05,45.6,1.35,-2.3,41.9,42.5,2.32695508699258,2.2,2.8
"501","Netherlands",2002,25.8,1.16,45.8,1.39,-2.5,41.5,41.6,0.21727359494956,2.3,3.4
"502","Netherlands",2003,26.1,1.12,46.1,1.28,-2.3,41.6,41.7,0.155645898017013,3.7,4.5
"503","Netherlands",2004,26.3,0.93,46.3,1.07,-1,40.6,41.9,1.98494571422152,4.5,5.6
"504","Netherlands",2005,26.5,0.78,46.7,1.06,0.2,39.8,42.2,2.05087610813881,4.9,7.2
"505","Netherlands",2006,26.7,0.78,46.9,1.04,-0.5,41.8,43.3,3.46098895411502,5.9,6.1
"506","Netherlands",2007,26.8,0.81,46.9,0.95,-2.1,42.4,42.3,3.77284252073882,4.3,5.2
"507","Netherlands",2008,26.6,0.76,46.9,1.01,-2.3,43.7,43.4,2.17032485133603,2.2,4.5
"508","Netherlands",2009,26.3,0.73,46.7,1.01,-4.8,45.4,42.7,-3.66688393735825,2.8,5.4
"509","Netherlands",2010,26,0.67,46.6,0.9,-5.1,46.2,42.8,1.34273933636553,5.9,6.1
"510","Netherlands",2011,26.1,0.64,46.6,0.93,-4.6,45.5,42.7,1.55118931244651,6.9,6
"511","Netherlands",2012,26.2,0.61,46.8,0.91,-3,44.5,43.2,-1.03035399148436,7.4,6.8
"512","Netherlands",2013,26.6,0.69,47.4,0.86,-1.3,43.8,44,-0.130175288449919,8,8.2
"513","Netherlands",2014,27,0.66,47.8,0.91,-0.8,43.3,44,1.42339539510084,8.8,8.4
"514","Netherlands",2015,27.2,0.65,48.2,0.82,-0.9,42.6,43,1.95916972105708,5.2,7.9
"515","Netherlands",2016,27.3,0.61,48.3,0.79,0.6,42,43.8,2.19171371926123,7.1,7
"516","Netherlands",2017,27.4,0.67,48.4,0.81,1,41.8,43.8,2.91090251315005,8.9,5.9
"517","Netherlands",2018,27.3,0.64,48.4,0.87,0.6,42.2,43.7,2.36091509478513,9.3,4.9
"518","Netherlands",2019,27.5,0.83,48.5,1.13,0.7,42.3,43.8,1.95558841574046,6.9,4.4
"519","Netherlands",2020,27.4,0.98,48.4,1.36,-1.5,45.1,44.3,-3.88608391819609,5.1,4.9
"520","Poland",1995,29.8,0.57,46,0.59,-3.7,41.8,43.7,7.10286553394941,1.4,13.3
"521","Poland",1996,28.2,0.56,45.2,0.77,-4.8,46.9,46.5,6.11554281136426,-1,12.3
"522","Poland",1997,28.2,0.58,45.3,0.84,-5.7,43.7,42.4,6.44900307851657,-3.3,11.3
"523","Poland",1998,28.2,0.66,45.7,0.86,-5.4,42.3,40.9,4.64051496169573,-3.9,10.7
"524","Poland",1999,28.6,0.53,46.6,0.59,-3.6,41.7,41,4.65489185182125,-5.2,13.7
"525","Poland",2000,28.8,0.73,46.9,0.91,-5.5,41.5,39,4.56098540978283,-5.6,16.8
"526","Poland",2001,28.9,0.77,47.4,1,-4.8,41.8,40.1,1.2585694606657,-2.7,19
"527","Poland",2002,29.3,0.72,48.1,0.96,-3.9,41.4,40.4,2.03586304126273,-2.4,20.7
"528","Poland",2003,30.4,0.73,49.6,0.9,-4.8,41.5,39.6,3.4983912134025,-1.9,20.4
"529","Poland",2004,31.3,0.46,51.1,0.6,-4.1,39.9,38.5,4.98284456986049,-6.4,19.7
"530","Poland",2005,31.4,0.42,51.1,0.53,-2.8,40.7,40.4,3.50683461435921,-3.5,18.5
"531","Poland",2006,31.2,0.43,50.3,0.5,-3.3,41.8,40.9,6.13113645855509,-4.3,14.4
"532","Poland",2007,31.2,0.46,49.3,0.54,-3,41.8,41,7.06153463356746,-7,10
"533","Poland",2008,31.1,0.46,48.4,0.55,-4.9,43.2,40.5,4.19998126444942,-6.9,7.4
"534","Poland",2009,31.1,0.45,48.2,0.55,-8,43.3,37.7,2.83218405318897,-3.5,8.5
"535","Poland",2010,31.2,0.45,48.5,0.54,-7.8,44,38.8,2.93463818052832,-5,10
"536","Poland",2011,31.4,0.49,48.7,0.58,-6,42.8,39.4,5.04218788292943,-5,10
"537","Poland",2012,31.6,0.49,48.8,0.54,-3.8,40.7,39.6,1.54522157125609,-3.6,10.4
"538","Poland",2013,31.6,0.49,48.6,0.57,-3,39.7,39.2,0.85655708060645,-1,10.6
"539","Poland",2014,31.2,0.5,48.1,0.54,-2.5,39.9,39.3,3.83695849351797,-1.9,9.2
"540","Poland",2015,30.4,0.5,47.6,0.51,-1.9,39.3,39.2,4.38329863507276,-0.1,7.7
"541","Poland",2016,29.2,0.45,47.6,0.49,-1.4,38.7,39,2.95350884167718,-0.3,6.3
"542","Poland",2017,29,0.56,47.7,0.57,-1.3,39.6,39.9,5.14001757409446,-0.3,5
"543","Poland",2018,29.2,0.54,48,0.55,-1.2,40.9,41.1,5.94520847705498,-1,3.9
"544","Poland",2019,29.3,0.52,48.2,0.6,-2.3,41.9,41.1,4.44998787878788,0.8,3.3
"545","Poland",2020,29.7,0.65,48.4,0.76,-5.8,45.9,41.4,-2.02007073357655,3.3,3.2
"546","Portugal",1995,33.5,1.58,53,2.83,-3.5,35.4,37.4,4.28278045950353,-3.4,8.6
"547","Portugal",1996,33.4,1.51,53,2.73,-3.2,36.8,38.4,3.50424706916527,-4.5,8.6
"548","Portugal",1997,33.3,1.48,53,2.65,-2.9,37.8,38.7,4.40086775381248,-6.2,8.1
"549","Portugal",1998,33.3,1.44,53,2.57,-4.5,39.7,38.3,4.80796297573329,-7.6,6
"550","Portugal",1999,33.3,1.44,53,2.51,-3.8,40.4,39.6,3.90657744002579,-8.8,5.4
"551","Portugal",2000,33.3,1.46,53,2.43,-4.7,41.2,39.5,3.81617806346979,-10.8,4.8
"552","Portugal",2001,33.4,1.48,53,2.35,-6.2,42.6,39.4,1.94367229584959,-10.1,4.8
"553","Portugal",2002,33.7,1.44,53,2.28,-4.2,41.8,40.4,0.770924024291219,-8.6,6
"554","Portugal",2003,34,1.33,53,2.17,-5.2,42.3,39.7,-0.930521192623061,-6.6,7.5
"555","Portugal",2004,34.2,1.23,53,2.06,-6.1,43.6,40,1.78873568157121,-8.2,7.8
"556","Portugal",2005,34.2,1.17,53,1.96,-6,44.1,40.6,0.78184821592744,-9.8,9
"557","Portugal",2006,34.2,1.1,52.9,1.87,-4.6,42.9,41.1,1.62503417629674,-10,9.1
"558","Portugal",2007,34,1.07,52.7,1.85,-4.5,43.2,41.7,2.50657964551773,-9.7,9.5
"559","Portugal",2008,33.7,1.07,52.5,1.82,-5.4,44,41.7,0.319247925063081,-12.2,9
"560","Portugal",2009,33.4,1.04,52.3,1.8,-9.9,47.3,40.4,-3.12207942033321,-9.8,11.2
"561","Portugal",2010,33.3,1.04,52.1,1.8,-12.5,50.1,40.5,1.73762547590566,-10.3,12.6
"562","Portugal",2011,33.3,1.03,52,1.8,-7.9,46,42.4,-1.69616478061504,-5.1,13.5
"563","Portugal",2012,33.3,1.06,51.9,1.83,-4.4,42.1,42.6,-4.05729360769561,-1.8,16.6
"564","Portugal",2013,33.2,1.06,51.7,1.85,-2.8,42.7,44.7,-0.922644674527888,1,17.2
"565","Portugal",2014,33,1.1,51.5,1.9,-5.3,44.7,44.3,0.792190301875365,-0.1,14.6
"566","Portugal",2015,32.8,1.13,51.4,1.97,-3.1,42.2,43.7,1.79204604555983,0,13
"567","Portugal",2016,32.5,1.17,51.2,2.07,-1.2,39.9,42.9,2.01948539561312,0.6,11.5
"568","Portugal",2017,32.3,1.19,51,2.14,-3.5,42.2,42.4,3.5063452848124,1,9.2
"569","Portugal",2018,32.1,1.27,50.9,2.29,-1.8,41.4,42.9,2.84932593436179,0.3,7.2
"570","Portugal",2019,32.1,1.42,50.8,2.44,-2.1,41.8,42.7,2.68275992118076,0.1,6.7
"571","Portugal",2020,32.1,1.69,50.9,2.64,-2.6,43,43.3,-8.30051604221151,-1.2,7
"572","Romania",1995,27.3,0.58,36.8,0.62,-3.2,34.1,32.5,6.23351148371351,-4.9,11
"573","Romania",1996,27.6,0.8,37.1,0.88,-5.8,33.9,30,3.90770208816159,-7.2,8.3
"574","Romania",1997,27.9,0.64,37.4,0.72,-4.6,30.4,30.2,-4.8490627379703,-6.2,7.4
"575","Romania",1998,28.1,0.83,37.8,1.05,-2.2,30.4,32.2,-2.02981290571721,-7.2,7.8
"576","Romania",1999,28.3,0.87,38.3,1.19,-2.6,32.1,34.5,-0.376660705758994,-4.2,8.6
"577","Romania",2000,28.6,0.88,38.8,1.26,-2.7,32.4,33.6,2.4612634592269,-4.1,8.9
"578","Romania",2001,29.1,0.91,39.5,1.32,-2.1,31.3,32.6,5.21813625673708,-5.6,8.3
"579","Romania",2002,29.5,0.96,40.1,1.38,-1.1,31.5,32.8,5.70299165043771,-3.4,10.5
"580","Romania",2003,30.2,1,40.9,1.4,-0.1,31.1,32.7,2.34114732919521,-6.2,8.5
"581","Romania",2004,31,1.04,41.7,1.43,-1.5,32.8,32.8,10.4281130180976,-8.5,9.9
"582","Romania",2005,32,1.01,42.6,1.4,-1.2,32.8,32.8,4.6681480508487,-8.7,8.8
"583","Romania",2006,33.1,0.9,43.5,1.29,-3.7,36.6,33.8,8.02881107599163,-11,8.9
"584","Romania",2007,33.2,0.86,43.8,1.25,-5.3,39.8,35.2,7.23380774362805,-13.6,7.8
"585","Romania",2008,32.9,0.83,43.8,1.22,-9.8,42.2,33.1,9.30746717077338,-11.4,7.1
"586","Romania",2009,32.6,0.84,43.7,1.21,-10.8,39.5,30.6,-5.51739440805439,-4.5,8.4
"587","Romania",2010,32.5,0.86,43.7,1.23,-6.2,36.5,32.2,-3.90123628018621,-5.7,9
"588","Romania",2011,32.6,0.88,43.9,1.24,-5.1,35.6,32.5,4.51708696433914,-4.9,9.1
"589","Romania",2012,32.8,0.87,44.1,1.25,-3.2,33.2,32.2,1.92499326240754,-4.4,8.7
"590","Romania",2013,33.2,0.89,44.4,1.28,-0.8,32.1,33.4,0.269963878633803,-0.7,9
"591","Romania",2014,33.8,0.93,44.8,1.33,-0.1,32.4,34.1,4.12067496319813,0,8.6
"592","Romania",2015,33.7,0.93,44.8,1.36,0.5,33.2,35.3,3.16050387041089,-0.3,8.4
"593","Romania",2016,33.4,0.92,44.7,1.37,-1.4,32.2,32.3,2.8575460568877,-1.2,7.2
"594","Romania",2017,33.8,0.96,44.9,1.44,-2.8,32.8,31.1,8.19650650309624,-3.2,6.1
"595","Romania",2018,34.1,1.02,45.1,1.55,-4,34.9,31.9,6.02901904128214,-4.4,5.3
"596","Romania",2019,34.1,1.18,45.1,1.72,-5.7,36.6,31.9,3.85316383348211,-5.2,4.9
"597","Romania",2020,34.1,1.46,45.1,1.95,-8.4,39.4,32.2,-3.67751079121797,-5.5,6.1
"598","Slovakia",1995,21.9,1.08,40.7,1.2,-4,46.5,44.9,NA,-0.4,12.1
"599","Slovakia",1996,23.3,0.94,41.8,1.04,-11,52.1,43.6,NA,-11.8,10.9
"600","Slovakia",1997,23.8,1.08,42.1,1.27,-8,48.2,42.6,NA,-9.8,12.2
"601","Slovakia",1998,24.3,1.14,42.4,1.4,-6.9,45.1,40.7,NA,-9.5,12.6
"602","Slovakia",1999,24.6,1.16,42.6,1.48,-7.1,44.5,40.8,NA,-4.2,16.4
"603","Slovakia",2000,25.1,1.17,42.9,1.52,-11.4,47.3,40,NA,-2.2,18.8
"604","Slovakia",2001,25.5,1.15,43.2,1.49,-5.5,39.5,37.9,NA,-6.4,19.3
"605","Slovakia",2002,25.9,1.09,43.5,1.42,-6.5,40,37,NA,-6.5,18.7
"606","Slovakia",2003,26.4,1.01,43.8,1.31,-1.7,36.2,37.1,NA,-4.8,17.6
"607","Slovakia",2004,26.6,0.81,43.9,1.09,-1,34.3,35.5,NA,-5.3,18.2
"608","Slovakia",2005,26.6,0.69,43.7,0.95,-2.1,37.2,36.8,NA,-6.8,16.3
"609","Slovakia",2006,25.4,0.63,42.5,0.9,-4.1,38,35.3,NA,-6.2,13.4
"610","Slovakia",2007,25.1,0.68,42,0.86,-4.9,38.1,34.6,NA,-3.8,11.1
"611","Slovakia",2008,25.1,0.63,41.8,0.9,-5.8,39.3,34.8,NA,-5.3,9.5
"612","Slovakia",2009,25.5,0.66,42.1,0.93,-7.7,42.5,36.2,NA,-1.9,12
"613","Slovakia",2010,25.7,0.73,42,0.92,-8.2,41.6,34.7,NA,-3.3,14.3
"614","Slovakia",2011,25.3,0.68,41.6,0.92,-4.8,40.3,37.1,NA,-3.7,13.5
"615","Slovakia",2012,25,0.68,41.1,0.9,-4.2,39.1,36.7,NA,2.5,13.9
"616","Slovakia",2013,25.3,0.79,40.9,0.93,-1.9,39.5,39.5,NA,3.1,14.1
"617","Slovakia",2014,24.8,0.77,40.2,0.9,-2.2,40.3,40.1,NA,2.5,13.1
"618","Slovakia",2015,24.3,0.75,39.8,0.89,-2.7,43.8,42.9,NA,-0.7,11.5
"619","Slovakia",2016,23.5,0.71,39.2,0.92,-2.5,40.7,40,NA,-2.1,9.6
"620","Slovakia",2017,22.8,0.7,38.6,0.9,-1.2,38.3,38.5,NA,-1,8.1
"621","Slovakia",2018,22.9,0.75,38.3,0.95,-2,39.4,38.8,NA,-0.7,6.5
"622","Slovakia",2019,22.6,0.83,37.8,1.15,-2.4,40.6,39.4,NA,-2.9,5.7
"623","Slovenia",1995,23.4,0.98,38.2,1.36,-7.2,50,44.9,NA,-1.9,6.8
"624","Slovenia",1996,23.4,0.98,38,1.28,-0.2,42.1,44,3.20300580852732,-1.4,6.9
"625","Slovenia",1997,23.4,0.84,37.8,1.07,-2.1,42.8,43,5.04979345664498,-1.3,6.9
"626","Slovenia",1998,23.5,0.81,38,1.08,-2,43.7,43.9,3.27936544351304,-2.1,7.4
"627","Slovenia",1999,23.4,0.77,38.1,1,-3.3,45.1,44.1,5.3326665718437,-4.7,7.4
"628","Slovenia",2000,23.5,0.82,38.4,1.12,-3.9,45.4,43.9,3.67237154968245,-4.1,6.8
"629","Slovenia",2001,23.5,0.83,38.7,1.16,-4.4,46.4,44.3,3.21656033452891,-1.3,6.2
"630","Slovenia",2002,23.6,0.82,39,1.15,-2.2,44.9,44.9,3.50559805692072,0,6.3
"631","Slovenia",2003,23.7,0.78,39.4,1.1,-2.1,44.7,44.5,2.96026028579455,-1.5,6.7
"632","Slovenia",2004,23.6,0.65,39.6,0.96,-1.9,44.9,44.7,4.35919277843995,-3.2,6.3
"633","Slovenia",2005,23.9,0.61,39.8,0.9,-1.6,45.1,45.1,3.79797264198646,-2.3,6.5
"634","Slovenia",2006,23.7,0.62,39.7,0.89,-2.9,45.9,44.4,5.746396900645,-2,6
"635","Slovenia",2007,23.4,0.62,39.7,0.91,-3.9,46.3,43.7,6.98016075450694,-4.4,4.9
"636","Slovenia",2008,23.5,0.63,39.7,0.88,-6,48.9,44,3.50984151699558,-5.6,4.4
"637","Slovenia",2009,24.3,0.64,40.4,0.91,-5.9,48.1,43.6,-7.54843779134178,-1.4,5.9
"638","Slovenia",2010,24.8,0.67,41,0.93,-5.7,48.7,44.6,1.34374847220215,-1.1,7.3
"639","Slovenia",2011,24.9,0.65,41.4,0.92,-6.7,49,44.2,0.861327732719303,-1,8.2
"640","Slovenia",2012,25.7,0.71,42.2,0.96,-2.4,45.6,45.2,-2.63943875676689,0.9,8.9
"641","Slovenia",2013,25.5,0.67,42.2,0.95,-12,54.9,45.5,-1.02928277204056,2.3,10.1
"642","Slovenia",2014,25.3,0.7,42,0.97,-3.5,45.4,45.2,2.76815883065036,5.1,9.7
"643","Slovenia",2015,25.2,0.76,41.9,0.96,-1,43.5,45.7,2.21008160650594,3.9,9
"644","Slovenia",2016,24.7,0.72,41.3,0.99,-0.6,41.8,44.1,3.19185251782498,4.8,8
"645","Slovenia",2017,24.4,0.72,40.9,1.01,0.1,41.4,44,4.81538063231366,6.4,6.6
"646","Slovenia",2018,24.4,0.74,40.8,1.04,0,42.3,44.3,4.45436574721896,6.1,5.1
"647","Slovenia",2019,24.4,0.82,40.7,1.15,-0.6,42.7,43.8,3.45107924423903,6.1,4.4
"648","Slovenia",2020,24.3,1.05,40.6,1.4,-5.6,47.3,43.3,-4.3213699045107,7.7,5
"649","Spain",1995,32.4,0.77,46.9,0.99,-5.3,37.7,37.3,2.75749404598304,-1.2,22.9
"650","Spain",1996,31.7,0.71,46.4,1.05,-4,36,37,2.66056160429645,-0.9,22.1
"651","Spain",1997,31.7,0.8,46,1.11,-2.2,35.3,37.6,3.70249462716615,-0.7,20.6
"652","Spain",1998,31,0.63,45.3,1.01,-1.5,35.8,38.3,4.39310073452258,-1.7,18.6
"653","Spain",1999,30.6,0.62,44.9,1.01,-0.6,35.9,38.7,4.4905533784064,-3.2,15.7
"654","Spain",2000,30.5,0.78,44.8,1.02,-1.5,36.3,37.9,5.24594382377803,-4.3,13.9
"655","Spain",2001,29.5,0.73,43.9,1.05,-1,36,38,3.93300276489272,-4.4,10.6
"656","Spain",2002,29.1,0.7,43.6,1.04,-0.5,36.2,38.3,2.73094832930995,-3.7,11.5
"657","Spain",2003,30.2,0.75,44,1,-0.5,36.2,38,2.98193631644672,-3.9,11.5
"658","Spain",2004,31.1,0.67,44.5,0.84,-0.4,37.2,38.7,3.12273351662624,-5.5,11
"659","Spain",2005,31.1,0.78,44.8,0.96,0.2,37.7,39.7,3.65208419190144,-7.3,9.2
"660","Spain",2006,31.2,0.78,45.3,0.95,-0.1,39,40.5,4.10268574072705,-8.9,8.5
"661","Spain",2007,31.2,0.64,45.7,0.72,-1.6,41.1,41.1,3.60473846199818,-9.4,8.2
"662","Spain",2008,31.9,0.7,47.2,0.87,-7.8,43.1,36.8,0.887067045576416,-8.9,11.3
"663","Spain",2009,32.5,0.68,48.5,0.89,-11.7,45,35,-3.7631070424473,-4.1,17.9
"664","Spain",2010,33.3,0.61,49.8,0.78,-9.8,44.4,36.5,0.162919517758226,-3.7,19.9
"665","Spain",2011,33.3,0.7,50,0.89,-9.3,43.3,36.4,-0.814384776648922,-2.7,21.4
"666","Spain",2012,33.4,0.72,50.3,0.88,-9.2,44.1,37.9,-2.95892213230024,0.1,24.8
"667","Spain",2013,33.8,0.68,51.1,0.8,-4.2,39.5,38.9,-1.40334186790638,2,26.1
"668","Spain",2014,33.5,0.7,50.5,0.88,-3.3,39,39.3,1.39577536727975,1.7,24.5
"669","Spain",2015,33.5,0.74,50.5,0.92,-4.3,40.1,38.7,3.83851887667484,2,22.1
"670","Spain",2016,33.4,0.73,50.5,0.87,-4.7,40.1,38.2,3.03777414172446,3.2,19.6
"671","Spain",2017,32.7,0.75,49.4,0.98,-4.8,40.5,38.2,2.97576072924863,2.8,17.2
"672","Spain",2018,32.3,0.77,48.7,1.02,-5.2,41.9,39.2,2.28446941947622,1.9,15.3
"673","Spain",2019,31.9,0.82,48.2,1.11,-6.3,43.3,39.2,1.9839662230883,2.1,14.1
"674","Spain",2020,32,0.98,48.2,1.31,-5.8,45.4,41.9,-11.3254383222864,0.6,15.5
"675","Sweden",1995,23.2,0.56,48.7,0.81,-6.1,57,56,3.93519292606446,2.7,10
"676","Sweden",1996,24.3,0.71,48.8,1.02,-1.8,54.4,57.8,1.57945640649923,2.9,10.7
"677","Sweden",1997,25.1,0.84,48.9,1.14,-0.4,52.6,57.2,3.07052659296374,3.4,11
"678","Sweden",1998,25.2,0.76,48.8,1.13,1.2,51.7,57.3,4.31183635326269,3.7,9.3
"679","Sweden",1999,25.4,0.87,48.5,1.12,0.3,52.6,56.7,4.24718414367548,3.8,7.9
"680","Sweden",2000,25.2,0.71,48.3,0.92,1.8,51.1,56.2,4.7663488714872,3.8,6.7
"681","Sweden",2001,25.1,0.92,48.1,1.15,1,50.3,53.9,1.44949861796981,4,5
"682","Sweden",2002,24.8,0.97,47.9,1.23,-1.4,50.7,52.2,2.1969210621746,4.3,5.2
"683","Sweden",2003,24.2,0.88,47.7,1.19,-0.9,51.3,52.6,2.30981059032811,5.7,5.8
"684","Sweden",2004,23.9,0.74,47.7,1.08,-0.3,51.1,52.7,4.33685615384474,5.8,6.6
"685","Sweden",2005,23.9,0.53,47.8,0.89,1.2,51.1,54.1,2.85880323990261,6.1,7.6
"686","Sweden",2006,24.2,0.81,48.2,1.12,0.3,51.2,53.2,4.66277355175126,7.7,7.2
"687","Sweden",2007,24.7,0.87,48.7,1.21,0.8,50.1,52.7,3.43922177600065,7.5,6.3
"688","Sweden",2008,25.1,0.81,49.2,1.25,0.9,49.5,52,-0.450559256743361,7.3,6.3
"689","Sweden",2009,25.3,0.83,49.6,1.25,1.6,48.6,51.5,-4.33979057452935,6.1,8.5
"690","Sweden",2010,25.6,0.81,50,1.24,0.3,48.9,50.3,5.95210700755608,6.1,8.8
"691","Sweden",2011,25.8,0.71,50.4,1.18,-0.7,48.9,49.4,3.1953332348894,5.2,8
"692","Sweden",2012,25.9,0.71,50.7,1.15,-0.1,48.9,49.8,-0.588304568990736,5.4,8.1
"693","Sweden",2013,26.2,0.67,51.1,1.13,0,49.3,50.2,1.187775715906,4.8,8.2
"694","Sweden",2014,26.4,0.71,51.5,1.16,-0.5,48.9,49.1,2.65779827531642,4.1,8.1
"695","Sweden",2015,26.6,0.73,51.9,1.21,-0.3,49.1,49.3,4.48928158790491,3.1,7.6
"696","Sweden",2016,26.8,0.73,52.2,1.2,0.7,49.5,50.7,2.07059315052096,2.4,7.1
"697","Sweden",2017,26.8,0.73,52.3,1.23,0.8,49.5,50.7,2.56792452526476,2.8,6.8
"698","Sweden",2018,26.8,0.74,52.4,1.26,0.1,50.1,50.7,1.95002284569983,2.6,6.5
"699","Sweden",2019,26.7,0.82,52.4,1.37,-0.2,49.5,49.7,1.98619587380391,5.2,7
"700","Sweden",2020,26.7,0.96,52.4,1.58,-1.4,50.4,49.3,-2.17021317885872,5.9,8.5
"701","United Kingdom",1995,33.7,0.62,54,0.64,NA,NA,33.3,2.53166996442249,-0.7,8.6
"702","United Kingdom",1996,33.7,0.64,53.8,0.65,NA,NA,33.2,1.90780710105234,-0.6,8.1
"703","United Kingdom",1997,33.9,0.61,53.7,0.64,NA,NA,33.6,4.36658107426521,-0.1,6.9
"704","United Kingdom",1998,34.3,0.67,54,0.64,NA,NA,35,3.15728733863099,-0.2,6.2
"705","United Kingdom",1999,34.6,0.67,54.2,0.67,NA,NA,35.6,3.0140704762541,-2.1,6
"706","United Kingdom",2000,34.8,0.79,54.2,0.78,NA,NA,36.4,4.09265347753652,-1.9,5.4
"707","United Kingdom",2001,34.5,0.72,53.9,0.71,NA,NA,36.3,2.15742817784832,-1.8,5.1
"708","United Kingdom",2002,33.7,0.67,53.2,0.62,NA,NA,35.6,1.77076529877269,-2,5.2
"709","United Kingdom",2003,33.1,0.59,53.1,0.57,NA,NA,35.5,3.12305331258689,-1.9,5
"710","United Kingdom",2004,33,0.59,53.3,0.63,NA,NA,36.7,2.34497148161661,-2.4,4.8
"711","United Kingdom",2005,33.2,0.66,53.4,0.64,NA,NA,37.8,2.66833765676094,-2,4.8
"712","United Kingdom",2006,33.3,0.68,53.4,0.66,NA,NA,37.8,2.16040532059112,-3.2,5.4
"713","United Kingdom",2007,32.9,0.54,53.1,0.59,NA,NA,38,2.56346046050109,-3.8,5.3
"714","United Kingdom",2008,32.8,0.64,53.4,0.63,NA,NA,38.9,-0.154344314706506,-4,5.7
"715","United Kingdom",2009,32.6,0.68,54.1,0.68,NA,NA,37.4,-4.51048560011785,-3.2,7.6
"716","United Kingdom",2010,32,0.51,54.2,0.63,NA,NA,38.1,2.43007289502704,-2.9,7.9
"717","United Kingdom",2011,31.4,0.56,53.9,0.68,NA,NA,38.4,1.06761091403658,-1.8,8.1
"718","United Kingdom",2012,31.1,0.62,54,0.71,NA,NA,37.7,1.44845675688505,-3.3,8
"719","United Kingdom",2013,30.7,0.51,53.6,0.64,NA,NA,38.6,1.81986337468368,-4.8,7.6
"720","United Kingdom",2014,31.1,0.64,53.5,0.69,NA,NA,37.6,3.19970262614801,-5.2,6.2
"721","United Kingdom",2015,31.3,0.65,53.5,0.75,NA,NA,37.6,2.393103183986,-5.1,5.4
"722","United Kingdom",2016,31.2,0.66,53.1,0.73,NA,NA,37.9,2.16520621052183,-5.5,4.9
"723","United Kingdom",2017,31.2,0.61,52.8,0.72,NA,NA,38.3,2.44357046987986,-3.6,4.4
"724","United Kingdom",2018,31.4,0.62,52.7,0.72,NA,NA,38.2,1.70502102232903,-4.1,4.1
"725","United Kingdom",2019,31.3,0.58,52.4,0.65,NA,NA,38,1.60430864787399,-2.8,3.8
"726","United Kingdom",2020,31.4,0.73,52.6,0.87,NA,NA,40,-11.0308584551979,-3.2,4.6
"727","United Kingdom",2021,31.9,0.72,52.6,1,NA,NA,40.4,7.52491037367686,-2,4.5
